,count,mean,std,min,25%,50%,75%,max
Views,5000.0,2494066.444,1459489.824434522,1266.0,1186207.25,2497373.0,3759781.0,4999430.0
Likes,5000.0,251475.0298,144349.58338434075,490.0,126892.25,249443.0,373970.75,499922.0
Shares,5000.0,50519.562,29066.362671093593,52.0,25029.0,50839.5,75774.25,99978.0
Comments,5000.0,24888.3938,14284.504318773157,18.0,12305.25,25004.0,37072.75,49993.0
Engagement_Rate,5000.0,0.5675985133506458,4.862139586825891,0.00300121946360852,0.07748974733985442,0.12909686748716903,0.2700183985011694,281.7417061611374
Hour,5000.0,0.0,0.0,0.0,0.0,0.0,0.0,0.0
Weekday,5000.0,3.0028,1.9987974380210982,0.0,1.0,3.0,5.0,6.0
Month,5000.0,6.5742,3.421408418635997,1.0,4.0,7.0,10.0,12.0
